Attribute,Network_Metric,P_Value,Effect_Size,Mean_Diff,Effect_Direction,Group0_Mean,Group1_Mean,Group0_Size,Group1_Size,Adjusted_P_Value,Topic
BRICS_member,Weighted_Degree,0.1702,,-14.255925791290124,Decreases,23.14022846282366,8.884302671533536,10,1,0.9129913043478262,topic_1
BRICS_member,Degree,0.3604,,-3.3,Decreases,6.3,3.0,10,1,0.9129913043478262,topic_1
BRICS_member,Degree_Centrality,0.2447,,-0.23571428571428582,Decreases,0.45,0.2142857142857142,10,1,0.9129913043478262,topic_1
BRICS_member,Betweenness_Centrality,0.6381,,-0.02417582417582414,Decreases,0.02417582417582414,0.0,10,1,0.9543241379310343,topic_1
BRICS_member,Closeness_Centrality,0.3626,,-0.11661855884544958,Decreases,0.5367866260723403,0.4201680672268907,10,1,0.9129913043478262,topic_1
BRICS_member,Eigenvector_Centrality,0.2224,,-0.12618448778435254,Decreases,0.2961411557141109,0.1699566679297584,10,1,0.9129913043478262,topic_1
OECD_member,Weighted_Degree,0.1652,1.301026728378831,11.818569390479759,Increases,12.174496616859301,23.99306600733906,2,9,0.9129913043478262,topic_1
OECD_member,Degree,0.1776,1.313251468102002,3.0555555555555554,Increases,3.5,6.555555555555555,2,9,0.9129913043478262,topic_1
OECD_member,Degree_Centrality,0.1804,1.3132514681020018,0.2182539682539682,Increases,0.24999999999999994,0.46825396825396814,2,9,0.9129913043478262,topic_1
OECD_member,Betweenness_Centrality,0.3612,0.6808013979511479,0.026862026862026822,Increases,0.0,0.026862026862026822,2,9,0.9129913043478262,topic_1
OECD_member,Closeness_Centrality,0.1829,1.231235937465808,0.11352809059391694,Increases,0.43329831932773105,0.546826409921648,2,9,0.9129913043478262,topic_1
OECD_member,Eigenvector_Centrality,0.1406,1.0979544562356904,0.10922736168619229,Increases,0.19530199726319425,0.30452935894938654,2,9,0.9129913043478262,topic_1
G7_member,Weighted_Degree,0.9491,-0.060952613663976744,-0.6328586363809912,Decreases,22.074365622299464,21.441506985918473,7,4,0.9953945945945946,topic_1
G7_member,Degree,0.5532,0.45470287468232223,1.1785714285714288,Increases,5.571428571428571,6.75,7,4,0.9543241379310343,topic_1
G7_member,Degree_Centrality,0.5386,0.4547028746823219,0.08418367346938771,Increases,0.3979591836734694,0.4821428571428571,7,4,0.9543241379310343,topic_1
G7_member,Betweenness_Centrality,0.9799,0.017513525737217327,0.0007195185766613876,Increases,0.02171637885923599,0.022435897435897377,7,4,0.9973982142857143,topic_1
G7_member,Closeness_Centrality,0.5742,0.37097747360261235,0.037903502226731556,Increases,0.5124018471857608,0.5503053494124923,7,4,0.9543241379310343,topic_1
G7_member,Eigenvector_Centrality,0.5334,0.41720061309793727,0.04473953600102587,Increases,0.2684009164606149,0.3131404524616408,7,4,0.9543241379310343,topic_1
G20_member,Weighted_Degree,0.2171,-0.8506796289940486,-8.051454719505376,Decreases,26.967888212391614,18.916433492886238,4,7,0.9129913043478262,topic_1
G20_member,Degree,0.1755,-1.0014827321076398,-2.3571428571428568,Decreases,7.5,5.142857142857143,4,7,0.9129913043478262,topic_1
G20_member,Degree_Centrality,0.1795,-1.0014827321076396,-0.16836734693877542,Decreases,0.5357142857142856,0.36734693877551017,4,7,0.9129913043478262,topic_1
G20_member,Betweenness_Centrality,0.3953,-0.648361341481194,-0.02518315018315019,Decreases,0.03800366300366298,0.012820512820512787,4,7,0.9196775510204082,topic_1
G20_member,Closeness_Centrality,0.1701,-0.9178457196596737,-0.0858986618290341,Decreases,0.5808477237048666,0.4949490618758325,4,7,0.9129913043478262,topic_1
G20_member,Eigenvector_Centrality,0.1192,-1.0945312400207128,-0.10390758973352693,Decreases,0.35079285029141416,0.24688526055788723,4,7,0.9129913043478262,topic_1
Mercosur_member,Weighted_Degree,0.4497,,-7.017499111573439,Decreases,22.482189673758505,15.464690562185066,10,1,0.9543241379310343,topic_1
Mercosur_member,Degree,0.6376,,-2.2,Decreases,6.2,4.0,10,1,0.9543241379310343,topic_1
Mercosur_member,Degree_Centrality,0.6291,,-0.15714285714285708,Decreases,0.4428571428571428,0.2857142857142857,10,1,0.9543241379310343,topic_1
Mercosur_member,Betweenness_Centrality,0.6318,,-0.02417582417582414,Decreases,0.02417582417582414,0.0,10,1,0.9543241379310343,topic_1
Mercosur_member,Closeness_Centrality,0.532,,-0.08773200422360095,Decreases,0.5341605756521723,0.4464285714285714,10,1,0.9543241379310343,topic_1
Mercosur_member,Eigenvector_Centrality,0.6261,,-0.07042476325079361,Decreases,0.2910720898474237,0.2206473265966301,10,1,0.9543241379310343,topic_1
CPTPP_member,Weighted_Degree,0.0288,1.6242694164340812,13.177551323967645,Increases,18.250357575260654,31.4279088992283,8,3,0.9129913043478262,topic_1
CPTPP_member,Degree,0.9118,0.1724937632514744,0.45833333333333304,Increases,5.875,6.333333333333333,8,3,0.9844485981308412,topic_1
CPTPP_member,Degree_Centrality,0.8876,0.17249376325147447,0.03273809523809523,Increases,0.4196428571428571,0.45238095238095233,8,3,0.9844485981308412,topic_1
CPTPP_member,Betweenness_Centrality,0.2197,0.8662866834043719,0.03273809523809526,Increases,0.013049450549450513,0.04578754578754577,8,3,0.9129913043478262,topic_1
CPTPP_member,Closeness_Centrality,0.5947,0.3667546552586816,0.037586470096974245,Increases,0.5159340834235793,0.5535205535205535,8,3,0.9543241379310343,topic_1
CPTPP_member,Eigenvector_Centrality,0.9024,-0.09536683116487506,-0.010464069056596081,Decreases,0.28752367565824144,0.27705960660164536,8,3,0.9844485981308412,topic_1
OAS_member,Weighted_Degree,0.7683,0.19026744855679437,1.9679294147124473,Increases,21.30752718687571,23.275456601588157,8,3,0.9844485981308412,topic_1
OAS_member,Degree,0.6971,0.34878187103931263,0.916666666666667,Increases,5.75,6.666666666666667,8,3,0.9543241379310343,topic_1
OAS_member,Degree_Centrality,0.7007,0.3487818710393122,0.06547619047619041,Increases,0.4107142857142857,0.4761904761904761,8,3,0.9543241379310343,topic_1
OAS_member,Betweenness_Centrality,0.9179,-0.061322614068673176,-0.0025183150183150406,Decreases,0.02266483516483514,0.0201465201465201,8,3,0.9844485981308412,topic_1
OAS_member,Closeness_Centrality,0.7106,0.2965522990763062,0.03055935369485796,Increases,0.5178505697150655,0.5484099234099234,8,3,0.9543241379310343,topic_1
OAS_member,Eigenvector_Centrality,0.533,0.43482166448756787,0.04670474966465571,Increases,0.2719321796433546,0.3186369293080103,8,3,0.9543241379310343,topic_1
EU_member,Weighted_Degree,0.2573,-0.7863134541590039,-7.536041969332587,Decreases,24.584614107009134,17.048572137676548,7,4,0.9129913043478262,topic_1
EU_member,Degree,0.5507,0.45470287468232223,1.1785714285714288,Increases,5.571428571428571,6.75,7,4,0.9543241379310343,topic_1
EU_member,Degree_Centrality,0.5213,0.45470287468232196,0.08418367346938771,Increases,0.3979591836734694,0.4821428571428571,7,4,0.9543241379310343,topic_1
EU_member,Betweenness_Centrality,0.6574,-0.45972907010853714,-0.018347723704866554,Decreases,0.02864992150706433,0.010302197802197776,7,4,0.9543241379310343,topic_1
EU_member,Closeness_Centrality,0.7249,0.22937517744416722,0.023711699131867103,Increases,0.5175625028566205,0.5412742019884876,7,4,0.9543241379310343,topic_1
EU_member,Eigenvector_Centrality,0.2169,0.7848810815486913,0.07956245869539241,Increases,0.2557380354808452,0.33530049417623764,7,4,0.9129913043478262,topic_1
UNASUR_member,Weighted_Degree,0.924,-0.10435980876263061,-1.0830440978730316,Decreases,22.041152317774202,20.95810821990117,9,2,0.9844485981308412,topic_1
UNASUR_member,Degree,0.9061,-0.23026867666513226,-0.6111111111111107,Decreases,6.111111111111111,5.5,9,2,0.9844485981308412,topic_1
UNASUR_member,Degree_Centrality,0.7838,-0.23026867666513248,-0.04365079365079366,Decreases,0.4365079365079365,0.39285714285714285,9,2,0.9844485981308412,topic_1
UNASUR_member,Betweenness_Centrality,0.3849,-0.5453964673583152,-0.021825396825396814,Decreases,0.025946275946275913,0.0041208791208791,9,2,0.9141375,topic_1
UNASUR_member,Closeness_Centrality,0.7157,-0.33485462347128997,-0.03452212923501441,Decreases,0.5324616896745749,0.49793956043956045,9,2,0.9543241379310343,topic_1
UNASUR_member,Eigenvector_Centrality,0.9565,-0.01868811767172346,-0.00205273675023232,Decreases,0.28504306350648473,0.2829903267562524,9,2,0.9953945945945946,topic_1
CIS_member,Weighted_Degree,0.1691,,-14.255925791290124,Decreases,23.14022846282366,8.884302671533536,10,1,0.9129913043478262,topic_1
CIS_member,Degree,0.3638,,-3.3,Decreases,6.3,3.0,10,1,0.9129913043478262,topic_1
CIS_member,Degree_Centrality,0.2318,,-0.23571428571428582,Decreases,0.45,0.2142857142857142,10,1,0.9129913043478262,topic_1
CIS_member,Betweenness_Centrality,0.6408,,-0.02417582417582414,Decreases,0.02417582417582414,0.0,10,1,0.9543241379310343,topic_1
CIS_member,Closeness_Centrality,0.3668,,-0.11661855884544958,Decreases,0.5367866260723403,0.4201680672268907,10,1,0.9129913043478262,topic_1
CIS_member,Eigenvector_Centrality,0.2181,,-0.12618448778435254,Decreases,0.2961411557141109,0.1699566679297584,10,1,0.9129913043478262,topic_1
CSTO_member,Weighted_Degree,0.1716,,-14.255925791290124,Decreases,23.14022846282366,8.884302671533536,10,1,0.9129913043478262,topic_1
CSTO_member,Degree,0.3684,,-3.3,Decreases,6.3,3.0,10,1,0.9129913043478262,topic_1
CSTO_member,Degree_Centrality,0.2328,,-0.23571428571428582,Decreases,0.45,0.2142857142857142,10,1,0.9129913043478262,topic_1
CSTO_member,Betweenness_Centrality,0.6395,,-0.02417582417582414,Decreases,0.02417582417582414,0.0,10,1,0.9543241379310343,topic_1
CSTO_member,Closeness_Centrality,0.3632,,-0.11661855884544958,Decreases,0.5367866260723403,0.4201680672268907,10,1,0.9129913043478262,topic_1
CSTO_member,Eigenvector_Centrality,0.2203,,-0.12618448778435254,Decreases,0.2961411557141109,0.1699566679297584,10,1,0.9129913043478262,topic_1
NATO_member,Weighted_Degree,0.6382,-0.33789009027430605,-3.4508994248862592,Decreases,23.7265439862807,20.27564456139444,5,6,0.9543241379310343,topic_1
NATO_member,Degree,0.4234,0.5770853688457019,1.4666666666666668,Increases,5.2,6.666666666666667,5,6,0.9464235294117647,topic_1
NATO_member,Degree_Centrality,0.4088,0.5770853688457016,0.10476190476190472,Increases,0.3714285714285714,0.4761904761904761,5,6,0.932064,topic_1
NATO_member,Betweenness_Centrality,0.8806,-0.2474427854705262,-0.010073260073260114,Decreases,0.027472527472527465,0.01739926739926735,5,6,0.9844485981308412,topic_1
NATO_member,Closeness_Centrality,0.5638,0.37296678849337145,0.03804767827877076,Increases,0.5054316598434245,0.5434793381221953,5,6,0.9543241379310343,topic_1
NATO_member,Eigenvector_Centrality,0.2593,0.7243506232520878,0.07390767225699224,Increases,0.2443565628662649,0.31826423512325713,5,6,0.9129913043478262,topic_1
Original_at_signatory,Weighted_Degree,0.2379,0.9837904188455533,9.424245893448495,Increases,14.133488568975787,23.557734462424282,2,9,0.9129913043478262,topic_1
Original_at_signatory,Degree,1.0,0.0,0.0,Decreases,6.0,6.0,2,9,1.0,topic_1
Original_at_signatory,Degree_Centrality,0.9679,2.914335439641036e-16,5.551115123125783e-17,Increases,0.4285714285714285,0.42857142857142855,2,9,0.9953945945945946,topic_1
Original_at_signatory,Betweenness_Centrality,0.3598,0.6808013979511478,0.02686202686202682,Increases,0.0,0.02686202686202682,2,9,0.9129913043478262,topic_1
Original_at_signatory,Closeness_Centrality,0.8581,0.18815676006093213,0.019532158887901052,Increases,0.5102040816326531,0.5297362405205541,2,9,0.9844485981308412,topic_1
Original_at_signatory,Eigenvector_Centrality,0.6949,-0.36508301524811065,-0.03962539222278033,Decreases,0.3170906140978082,0.27746522187502787,2,9,0.9543241379310343,topic_1
CRAMRA_mining_signatories_1988,Weighted_Degree,0.6024,0.3796446165338344,3.86583696631968,Increases,19.384157139593853,23.249994105913533,4,7,0.9543241379310343,topic_1
CRAMRA_mining_signatories_1988,Degree,0.906,0.14777567932408647,0.39285714285714324,Increases,5.75,6.142857142857143,4,7,0.9844485981308412,topic_1
CRAMRA_mining_signatories_1988,Degree_Centrality,0.9057,0.14777567932408578,0.02806122448979581,Increases,0.4107142857142857,0.4387755102040815,4,7,0.9844485981308412,topic_1
CRAMRA_mining_signatories_1988,Betweenness_Centrality,0.6717,0.45972907010853714,0.018347723704866554,Increases,0.010302197802197776,0.02864992150706433,4,7,0.9543241379310343,topic_1
CRAMRA_mining_signatories_1988,Closeness_Centrality,0.7283,0.20115695684067533,0.020829927042412155,Increases,0.5129295307866736,0.5337594578290857,4,7,0.9543241379310343,topic_1
CRAMRA_mining_signatories_1988,Eigenvector_Centrality,0.8844,0.10580485205888401,0.011603810598216135,Increases,0.2772855955348504,0.2888894061330665,4,7,0.9844485981308412,topic_1
CCAS_signatory,Weighted_Degree,0.1989,-1.11782519001987,-10.482401723399231,Decreases,30.42074571003302,19.93834398663379,2,9,0.9129913043478262,topic_1
CCAS_signatory,Degree,0.3034,-0.995893206467704,-2.4444444444444446,Decreases,8.0,5.555555555555555,2,9,0.9129913043478262,topic_1
CCAS_signatory,Degree_Centrality,0.2091,-0.995893206467704,-0.17460317460317465,Decreases,0.5714285714285714,0.39682539682539675,2,9,0.9129913043478262,topic_1
CCAS_signatory,Betweenness_Centrality,0.1776,-1.5052290551268146,-0.052045177045177075,Decreases,0.06456043956043955,0.012515262515262478,2,9,0.9129913043478262,topic_1
CCAS_signatory,Closeness_Centrality,0.1976,-1.1191188673530825,-0.10518439440008076,Decreases,0.6122448979591837,0.5070605035591029,2,9,0.9129913043478262,topic_1
CCAS_signatory,Eigenvector_Centrality,0.3153,-0.8831936790495182,-0.09078997288105445,Decreases,0.35895254372730523,0.2681625708462508,2,9,0.9129913043478262,topic_1
Active_fisheries_CCAMLR,Weighted_Degree,0.3523,0.6357523725348586,6.233633790401658,Increases,18.44407132339638,24.677705113798037,5,6,0.9129913043478262,topic_1
Active_fisheries_CCAMLR,Degree,0.7283,-0.2782062556491187,-0.7333333333333334,Decreases,6.4,5.666666666666667,5,6,0.9543241379310343,topic_1
Active_fisheries_CCAMLR,Degree_Centrality,0.6228,-0.27820625564911916,-0.05238095238095247,Decreases,0.45714285714285713,0.40476190476190466,5,6,0.9543241379310343,topic_1
Active_fisheries_CCAMLR,Betweenness_Centrality,0.676,0.3929992984907985,0.015781440781440777,Increases,0.01336996336996334,0.029151404151404117,5,6,0.9543241379310343,topic_1
Active_fisheries_CCAMLR,Closeness_Centrality,0.8343,-0.12249772955394872,-0.012728187623145648,Decreases,0.5331275866990153,0.5203993990758696,5,6,0.9844485981308412,topic_1
Active_fisheries_CCAMLR,Eigenvector_Centrality,0.3779,-0.5639183489120622,-0.05915891035446835,Decreases,0.31693833519978887,0.2577794248453205,5,6,0.9141375,topic_1
Convention on Biological Diversity,Weighted_Degree,0.5454,,-6.672509971481329,Decreases,27.91015336496213,21.237643393480802,1,10,0.9543241379310343,topic_1
Convention on Biological Diversity,Degree,0.355,,-3.3,Decreases,9.0,5.7,1,10,0.9129913043478262,topic_1
Convention on Biological Diversity,Degree_Centrality,0.3671,,-0.23571428571428565,Decreases,0.6428571428571428,0.40714285714285714,1,10,0.9129913043478262,topic_1
Convention on Biological Diversity,Betweenness_Centrality,0.089,,-0.03324175824175818,Decreases,0.0521978021978021,0.018956043956043927,1,10,0.9129913043478262,topic_1
Convention on Biological Diversity,Closeness_Centrality,0.2802,,-0.13548228149068486,Decreases,0.6493506493506493,0.5138683678599645,1,10,0.9129913043478262,topic_1
Convention on Biological Diversity,Eigenvector_Centrality,0.4614,,-0.11578632534559191,Decreases,0.3899301344115261,0.27414380906593416,1,10,0.9543241379310343,topic_1
CMS_member,Weighted_Degree,0.5763,0.41175862012695025,4.213008788782663,Increases,18.397228018247834,22.610236807030496,2,9,0.9543241379310343,topic_1
CMS_member,Degree,1.0,0.0,0.0,Decreases,6.0,6.0,2,9,1.0,topic_1
CMS_member,Degree_Centrality,0.9692,2.914335439641036e-16,5.551115123125783e-17,Increases,0.4285714285714285,0.42857142857142855,2,9,0.9953945945945946,topic_1
CMS_member,Betweenness_Centrality,0.8706,-0.12275718800874956,-0.005036630036630022,Decreases,0.02609890109890105,0.02106227106227103,2,9,0.9844485981308412,topic_1
CMS_member,Closeness_Centrality,0.8633,-0.1007236319632927,-0.010479845914019514,Decreases,0.53475935828877,0.5242795123747505,2,9,0.9844485981308412,topic_1
CMS_member,Eigenvector_Centrality,0.9229,0.052603159231219,0.00577675691042262,Increases,0.2799434011706422,0.2857201580810648,2,9,0.9844485981308412,topic_1
UNWTO_member,Weighted_Degree,0.2509,-0.7521733812331654,-7.219375755799042,Decreases,25.125769643524123,17.90639388772508,6,5,0.9129913043478262,topic_1
UNWTO_member,Degree,0.9089,0.13789558078336295,0.36666666666666714,Increases,5.833333333333333,6.2,6,5,0.9844485981308412,topic_1
UNWTO_member,Degree_Centrality,0.7958,0.1378955807833629,0.02619047619047621,Increases,0.4166666666666666,0.4428571428571428,6,5,0.9844485981308412,topic_1
UNWTO_member,Betweenness_Centrality,0.3125,-0.721011126318714,-0.027533577533577505,Decreases,0.03449328449328445,0.00695970695970694,6,5,0.9129913043478262,topic_1
UNWTO_member,Closeness_Centrality,0.9115,-0.0683504418142722,-0.007113082218124123,Decreases,0.5294181580946286,0.5223050758765044,6,5,0.9844485981308412,topic_1
UNWTO_member,Eigenvector_Centrality,0.4357,0.4980713085215551,0.0527634984096928,Increases,0.26068643027476396,0.31344992868445676,6,5,0.9543241379310343,topic_1
BRICS_member,Weighted_Degree,0.433,-0.41051570465608467,-31.801465137375544,Decreases,71.35563400801931,39.554168870643764,25,5,0.59754,topic_5
BRICS_member,Degree,0.96,0.039476354357828154,0.27999999999999936,Increases,9.32,9.6,25,5,0.967007299270073,topic_5
BRICS_member,Degree_Centrality,0.9558,0.039476354357828224,0.007777777777777772,Increases,0.25888888888888884,0.2666666666666666,25,5,0.967007299270073,topic_5
BRICS_member,Betweenness_Centrality,0.1545,0.5772912189848687,0.022975661375661368,Increases,0.01505079365079363,0.038026455026455,25,5,0.340040625,topic_5
BRICS_member,Closeness_Centrality,0.6046,0.2789407946996414,0.04530951277422157,Increases,0.3838758594667062,0.4291853722409278,25,5,0.7404,topic_5
BRICS_member,Eigenvector_Centrality,0.9906,-0.009844611649225857,-0.001135394925881661,Decreases,0.13747791846624036,0.1363425235403587,25,5,0.9906,topic_5
OECD_member,Weighted_Degree,0.0044,1.0796871709544833,74.08091682939825,Increases,24.076203615131053,98.1571204445293,13,17,0.04048,topic_5
OECD_member,Degree,0.0124,1.0073441813656836,6.34841628959276,Increases,5.769230769230769,12.117647058823529,13,17,0.0713,topic_5
OECD_member,Degree_Centrality,0.0123,1.007344181365684,0.17634489693313227,Increases,0.1602564102564102,0.33660130718954245,13,17,0.0713,topic_5
OECD_member,Betweenness_Centrality,0.6535,0.17974255034543457,0.007297876415523463,Increases,0.014744607244607232,0.022042483660130695,13,17,0.7707948717948717,topic_5
OECD_member,Closeness_Centrality,0.0026,1.161108466677821,0.16297790722254885,Increases,0.2990732975029654,0.46205120472551425,13,17,0.0276,topic_5
OECD_member,Eigenvector_Centrality,0.0143,0.9961359552629279,0.10230602469130642,Increases,0.07931527198685309,0.18162129667815952,13,17,0.078936,topic_5
G7_member,Weighted_Degree,0.0482,0.9116951889066037,66.89895781996864,Increases,52.67559825446299,119.57455607443164,24,6,0.15430909090909092,topic_5
G7_member,Degree,0.034,1.0127065728694848,6.625,Increases,8.041666666666666,14.666666666666666,24,6,0.13405714285714285,topic_5
G7_member,Degree_Centrality,0.0333,1.0127065728694848,0.18402777777777776,Increases,0.22337962962962962,0.4074074074074074,24,6,0.13405714285714285,topic_5
G7_member,Betweenness_Centrality,0.1708,0.5407004474097493,0.021513999118165775,Increases,0.014577270723104037,0.03609126984126981,24,6,0.35712727272727274,topic_5
G7_member,Closeness_Centrality,0.0653,0.8508644750843192,0.13110924226434117,Increases,0.3652055964762082,0.4963148387405494,24,6,0.1877375,topic_5
G7_member,Eigenvector_Centrality,0.0336,0.9821863977772035,0.10493309317151459,Increases,0.1163020673442905,0.22123516051580508,24,6,0.13405714285714285,topic_5
G20_member,Weighted_Degree,0.2216,0.45157665328815183,34.492833485634506,Increases,49.958734191827276,84.45156767746178,16,14,0.410136,topic_5
G20_member,Degree,0.0374,0.8169154975275128,5.3392857142857135,Increases,6.875,12.214285714285714,16,14,0.13662000000000002,topic_5
G20_member,Degree_Centrality,0.0365,0.8169154975275131,0.14831349206349206,Increases,0.19097222222222218,0.33928571428571425,16,14,0.13662000000000002,topic_5
G20_member,Betweenness_Centrality,0.0325,0.7408781026422889,0.02821416761148903,Increases,0.005713458994708981,0.03392762660619801,16,14,0.13405714285714285,topic_5
G20_member,Closeness_Centrality,0.0172,0.8940962520174391,0.1326171306899963,Increases,0.3295394506070781,0.46215658129707443,16,14,0.08477142857142857,topic_5
G20_member,Eigenvector_Centrality,0.0455,0.7652733590261186,0.08208370434711029,Increases,0.09898295728327527,0.18106666163038557,16,14,0.15314634146341463,topic_5
Mercosur_member,Weighted_Degree,0.4865,-0.4444680331969456,-34.53334428777139,Decreases,69.50872424723386,34.975379959462465,27,3,0.6333679245283019,topic_5
Mercosur_member,Degree,0.6646,-0.32005834743206674,-2.2592592592592604,Decreases,9.592592592592593,7.333333333333333,27,3,0.7772440677966101,topic_5
Mercosur_member,Degree_Centrality,0.6072,-0.320058347432067,-0.06275720164609061,Decreases,0.2664609053497942,0.2037037037037036,27,3,0.7404,topic_5
Mercosur_member,Betweenness_Centrality,0.1738,0.5906246834656128,0.023687046835194975,Increases,0.016511365863217695,0.04019841269841267,27,3,0.3579761194029851,topic_5
Mercosur_member,Closeness_Centrality,0.8769,0.10029886114074751,0.016378066348415266,Increases,0.3897896382942349,0.4061677046426502,27,3,0.9427190839694657,topic_5
Mercosur_member,Eigenvector_Centrality,0.5711,-0.3716165713577284,-0.042576893268173,Decreases,0.14154637530541073,0.09896948203723772,27,3,0.7164709090909092,topic_5
CPTPP_member,Weighted_Degree,0.1013,0.790869480806123,59.330130248072535,Increases,56.1670347771113,115.49716502518383,25,5,0.24525263157894736,topic_5
CPTPP_member,Degree,0.1161,0.7834671630882978,5.32,Increases,8.48,13.8,25,5,0.2715559322033898,topic_5
CPTPP_member,Degree_Centrality,0.1191,0.7834671630882974,0.1477777777777777,Increases,0.23555555555555555,0.38333333333333325,25,5,0.27393,topic_5
CPTPP_member,Betweenness_Centrality,0.9517,0.04472337332485697,0.0018232804232803969,Increases,0.01857619047619046,0.02039947089947086,25,5,0.967007299270073,topic_5
CPTPP_member,Closeness_Centrality,0.2613,0.5569774850784656,0.08896411547163591,Increases,0.3766000923504705,0.4655642078221064,25,5,0.43974878048780486,topic_5
CPTPP_member,Eigenvector_Centrality,0.1809,0.7090578621667916,0.07887985826074387,Increases,0.12414204293513612,0.20302190119587998,25,5,0.3618,topic_5
OAS_member,Weighted_Degree,0.8073,-0.11215358176462391,-8.785895684201833,Decreases,68.10543214477049,59.319536460568656,23,7,0.8875809523809525,topic_5
OAS_member,Degree,0.7952,-0.1201221413674561,-0.8509316770186341,Decreases,9.565217391304348,8.714285714285714,23,7,0.8849806451612904,topic_5
OAS_member,Degree_Centrality,0.7701,-0.12012214136745608,-0.02363699102829539,Decreases,0.2657004830917874,0.242063492063492,23,7,0.8640146341463415,topic_5
OAS_member,Betweenness_Centrality,0.9097,0.06589680596310425,0.002685760294455941,Increases,0.018253393144697472,0.020939153439153414,23,7,0.95105,topic_5
OAS_member,Closeness_Centrality,0.8949,0.06255535719441403,0.010215952646497384,Increases,0.38904372264489373,0.3992596752913911,23,7,0.9427190839694657,topic_5
OAS_member,Eigenvector_Centrality,0.5608,-0.2376018417647625,-0.02725613554080966,Decreases,0.14364845093811565,0.11639231539730599,23,7,0.7100036697247707,topic_5
EU_member,Weighted_Degree,0.3789,-0.35311516216128375,-27.29350314534863,Decreases,75.1532242002396,47.859721054890976,20,10,0.5504021052631579,topic_5
EU_member,Degree,0.6887,-0.16262584780726358,-1.1500000000000004,Decreases,9.75,8.6,20,10,0.792005,topic_5
EU_member,Degree_Centrality,0.6816,-0.16262584780726355,-0.03194444444444444,Decreases,0.2708333333333333,0.23888888888888887,20,10,0.7904268907563025,topic_5
EU_member,Betweenness_Centrality,0.3176,-0.41591465664925464,-0.01661970899470898,Decreases,0.02441997354497352,0.007800264550264539,20,10,0.4816351648351648,topic_5
EU_member,Closeness_Centrality,0.8923,-0.050927222776100456,-0.008317505749763032,Decreases,0.3941999468456641,0.3858824410959011,20,10,0.9427190839694657,topic_5
EU_member,Eigenvector_Centrality,0.7537,-0.11695296216249923,-0.013466560640122888,Decreases,0.14177753952530103,0.12831097888517815,20,10,0.8525459016393443,topic_5
UNASUR_member,Weighted_Degree,0.3171,-0.46855783341716767,-36.07749317205589,Decreases,73.2708884528679,37.193395280812005,24,6,0.4816351648351648,topic_5
UNASUR_member,Degree,0.4918,-0.3320250731957538,-2.333333333333334,Decreases,9.833333333333334,7.5,24,6,0.6342841121495327,topic_5
UNASUR_member,Degree_Centrality,0.4744,-0.3320250731957541,-0.06481481481481488,Decreases,0.27314814814814814,0.20833333333333326,24,6,0.6234971428571427,topic_5
UNASUR_member,Betweenness_Centrality,0.8827,0.0979442175471834,0.0039902998236331505,Increases,0.018082010582010564,0.022072310405643714,24,6,0.9427190839694657,topic_5
UNASUR_member,Closeness_Centrality,0.8747,-0.07681522992021263,-0.01254310226148636,Decreases,0.3939360653813737,0.38139296311988735,24,6,0.9427190839694657,topic_5
UNASUR_member,Eigenvector_Centrality,0.2815,-0.4810813388812847,-0.05441531400017148,Decreases,0.1481717487786277,0.09375643477845623,24,6,0.44794482758620685,topic_5
CIS_member,Weighted_Degree,0.3003,-0.635149294105127,-48.87475331789331,Decreases,70.94286515024606,22.068111832352752,27,3,0.46563370786516856,topic_5
CIS_member,Degree,0.2409,-0.6999381091356566,-4.851851851851851,Decreases,9.851851851851851,5.0,27,3,0.42570379746835446,topic_5
CIS_member,Degree_Centrality,0.2358,-0.6999381091356568,-0.13477366255144033,Decreases,0.2736625514403292,0.13888888888888887,27,3,0.42260259740259737,topic_5
CIS_member,Betweenness_Centrality,0.4552,-0.42811040523465455,-0.01730354693317655,Decreases,0.02061042524005485,0.0033068783068782998,27,3,0.6152388349514564,topic_5
CIS_member,Closeness_Centrality,0.0118,-1.7536116038948868,-0.25160475549545724,Decreases,0.4165879204786222,0.16498316498316498,27,3,0.0713,topic_5
CIS_member,Eigenvector_Centrality,0.2859,-0.5502798779732833,-0.06255836293013012,Decreases,0.14354452227160644,0.08098615934147632,27,3,0.44834318181818184,topic_5
CSTO_member,Weighted_Degree,0.5283,-0.4532302395977217,-35.30702364635101,Decreases,68.40919139488014,33.102167748529126,28,2,0.6750499999999999,topic_5
CSTO_member,Degree,0.5994,-0.28269131124378266,-2.0,Decreases,9.5,7.5,28,2,0.7404,topic_5
CSTO_member,Degree_Centrality,0.615,-0.28269131124378266,-0.05555555555555555,Decreases,0.26388888888888884,0.2083333333333333,28,2,0.7404,topic_5
CSTO_member,Betweenness_Centrality,0.617,-0.3674148526007457,-0.014914021164021154,Decreases,0.019874338624338603,0.00496031746031745,28,2,0.7404,topic_5
CSTO_member,Closeness_Centrality,0.1609,-0.9734364591778731,-0.15423503298678107,Decreases,0.40170978046152855,0.2474747474747475,28,2,0.3416030769230769,topic_5
CSTO_member,Eigenvector_Centrality,0.6436,-0.14697412953512953,-0.016938693178394304,Decreases,0.1384179321904864,0.1214792390120921,28,2,0.7656620689655173,topic_5
NATO_member,Weighted_Degree,0.2824,0.4065496886915646,31.215211988647916,Increases,52.52879795670929,83.7440099453572,17,13,0.44794482758620685,topic_5
NATO_member,Degree,0.4055,0.31466588769569703,2.2036199095022617,Increases,8.411764705882353,10.615384615384615,17,13,0.5652424242424243,topic_5
NATO_member,Degree_Centrality,0.3974,0.3146658876956972,0.06121166415284063,Increases,0.2336601307189542,0.2948717948717948,17,13,0.559604081632653,topic_5
NATO_member,Betweenness_Centrality,0.8104,0.09093364316321775,0.003703703703703709,Increases,0.017275132275132252,0.02097883597883596,17,13,0.8875809523809525,topic_5
NATO_member,Closeness_Centrality,0.3757,0.3320051076422482,0.05347049217735039,Increases,0.36825689831889125,0.42172739049624164,17,13,0.5504021052631579,topic_5
NATO_member,Eigenvector_Centrality,0.3887,0.321760417735632,0.03661411412560632,Increases,0.12142256985749734,0.15803668398310367,17,13,0.55875625,topic_5
AT_consultative_party,Weighted_Degree,0.0673,0.9546334337675658,70.97703710539669,Increases,4.541957660446268,75.51899476584296,4,26,0.18953877551020407,topic_5
AT_consultative_party,Degree,0.0229,1.321447526372002,8.5,Increases,2.0,10.5,4,26,0.10416774193548388,topic_5
AT_consultative_party,Degree_Centrality,0.0191,1.321447526372002,0.23611111111111108,Increases,0.05555555555555555,0.29166666666666663,4,26,0.09088965517241379,topic_5
AT_consultative_party,Betweenness_Centrality,0.2069,0.5439779238173671,0.02178469678469676,Increases,0.0,0.02178469678469676,4,26,0.40214366197183105,topic_5
AT_consultative_party,Closeness_Centrality,0.0065,1.650019902783723,0.23312439683945826,Increases,0.189386301001546,0.42251069784100426,4,26,0.052764705882352936,topic_5
AT_consultative_party,Eigenvector_Centrality,0.0539,1.1958065654756576,0.12712075823891966,Increases,0.027117362171529713,0.15423812041044938,4,26,0.16148936170212766,topic_5
Original_at_signatory,Weighted_Degree,0.0001,1.7561255310211263,102.86282537839665,Increases,24.910259667098064,127.77308504549471,18,12,0.00276,topic_5
Original_at_signatory,Degree,0.0,2.173938756037967,10.36111111111111,Increases,5.222222222222222,15.583333333333334,18,12,0.0,topic_5
Original_at_signatory,Degree_Centrality,0.0,2.173938756037967,0.2878086419753086,Increases,0.1450617283950617,0.4328703703703703,18,12,0.0,topic_5
Original_at_signatory,Betweenness_Centrality,0.3608,0.3788383053062211,0.01516938565549673,Increases,0.012812316284538501,0.02798170194003523,18,12,0.5353806451612904,topic_5
Original_at_signatory,Closeness_Centrality,0.0004,1.4438954754549025,0.19032820385361432,Increases,0.3152961633876307,0.505624367241245,18,12,0.0092,topic_5
Original_at_signatory,Eigenvector_Centrality,0.0,2.281390656211357,0.17206606431584295,Increases,0.06846226025225621,0.24052832456809917,18,12,0.0,topic_5
CRAMRA_mining_signatories_1988,Weighted_Degree,0.0522,0.7377680967441874,54.07356494630755,Increases,37.216155180426036,91.28972012673358,14,16,0.16008,topic_5
CRAMRA_mining_signatories_1988,Degree,0.0121,1.0019311612317834,6.3125,Increases,6.0,12.3125,14,16,0.0713,topic_5
CRAMRA_mining_signatories_1988,Degree_Centrality,0.0124,1.0019311612317832,0.17534722222222218,Increases,0.16666666666666666,0.34201388888888884,14,16,0.0713,topic_5
CRAMRA_mining_signatories_1988,Betweenness_Centrality,0.2732,0.44273212628723657,0.017597907218442913,Increases,0.009494520030234306,0.027092427248677216,14,16,0.44794482758620685,topic_5
CRAMRA_mining_signatories_1988,Closeness_Centrality,0.0065,1.020206450334125,0.14746056215359032,Increases,0.31278181178049497,0.4602423739340853,14,16,0.052764705882352936,topic_5
CRAMRA_mining_signatories_1988,Eigenvector_Centrality,0.0153,0.9775560734794726,0.100646938251424,Increases,0.08361031891116728,0.18425725716259128,14,16,0.08024444444444444,topic_5
CCAS_signatory,Weighted_Degree,0.0396,0.7835678489958658,56.95218213565297,Increases,37.57929875063022,94.53148088628319,15,15,0.13662000000000002,topic_5
CCAS_signatory,Degree,0.0009,1.3714512445579032,7.933333333333334,Increases,5.4,13.333333333333334,15,15,0.0138,topic_5
CCAS_signatory,Degree_Centrality,0.0011,1.3714512445579035,0.22037037037037038,Increases,0.14999999999999997,0.37037037037037035,15,15,0.013800000000000002,topic_5
CCAS_signatory,Betweenness_Centrality,0.1566,0.5522098435323504,0.021649029982363295,Increases,0.008055555555555547,0.02970458553791884,15,15,0.340040625,topic_5
CCAS_signatory,Closeness_Centrality,0.003,1.1557664311740334,0.16204250199239445,Increases,0.3104061939328792,0.47244869592527367,15,15,0.02957142857142857,topic_5
CCAS_signatory,Eigenvector_Centrality,0.0023,1.2698928591802117,0.12239228856006397,Increases,0.07609254169856143,0.1984848302586254,15,15,0.02645,topic_5
CCAMLR_signatory,Weighted_Degree,0.0976,0.8029098777963279,60.15486241302551,Increases,15.926337807602124,76.08120022062764,5,25,0.24525263157894736,topic_5
CCAMLR_signatory,Degree,0.0818,0.8881260737375238,5.959999999999999,Increases,4.4,10.36,5,25,0.22134117647058824,topic_5
CCAMLR_signatory,Degree_Centrality,0.0765,0.8881260737375241,0.16555555555555557,Increases,0.12222222222222219,0.28777777777777774,5,25,0.21114,topic_5
CCAMLR_signatory,Betweenness_Centrality,0.1799,0.568871918754902,0.02265608465608463,Increases,0.0,0.02265608465608463,5,25,0.3618,topic_5
CCAMLR_signatory,Closeness_Centrality,0.0234,1.150134984269085,0.1717539368052595,Increases,0.24829916425802692,0.4200531010632864,5,25,0.10416774193548388,topic_5
CCAMLR_signatory,Eigenvector_Centrality,0.1577,0.7313297293095284,0.08117743832835206,Increases,0.06964082070496672,0.15081825903331877,5,25,0.340040625,topic_5
Intl_whaling_comission_member,Weighted_Degree,0.2337,0.710523507737193,54.41923792476844,Increases,17.078075686165118,71.49731361093356,3,27,0.42260259740259737,topic_5
Intl_whaling_comission_member,Degree,0.2203,0.7562049555520655,5.222222222222222,Increases,4.666666666666667,9.88888888888889,3,27,0.410136,topic_5
Intl_whaling_comission_member,Degree_Centrality,0.2229,0.7562049555520657,0.14506172839506176,Increases,0.1296296296296296,0.27469135802469136,3,27,0.410136,topic_5
Intl_whaling_comission_member,Betweenness_Centrality,0.2607,0.5211852897824003,0.020977856163041327,Increases,0.0,0.020977856163041327,3,27,0.43974878048780486,topic_5
Intl_whaling_comission_member,Closeness_Centrality,0.0103,1.7906917273695815,0.2556784138901032,Increases,0.16131687242798354,0.41699528631808674,3,27,0.0713,topic_5
Intl_whaling_comission_member,Eigenvector_Centrality,0.2764,0.5610984703309452,0.06375237151725033,Increases,0.07991155161306812,0.14366392313031845,3,27,0.44794482758620685,topic_5
Active_fisheries_CCAMLR,Weighted_Degree,0.1034,0.6155531450651522,46.00134624914537,Increases,43.054716693884046,89.05606294302942,15,15,0.24602068965517243,topic_5
Active_fisheries_CCAMLR,Degree,0.0981,0.64390033956009,4.333333333333333,Increases,7.2,11.533333333333333,15,15,0.24525263157894736,topic_5
Active_fisheries_CCAMLR,Degree_Centrality,0.0921,0.6439003395600895,0.1203703703703703,Increases,0.2,0.3203703703703703,15,15,0.24441923076923078,topic_5
Active_fisheries_CCAMLR,Betweenness_Centrality,0.3424,0.3889384213843407,0.015546737213403867,Increases,0.01110670194003526,0.026653439153439127,15,15,0.5136000000000001,topic_5
Active_fisheries_CCAMLR,Closeness_Centrality,0.1876,0.49386385164219715,0.07817037104475782,Increases,0.35234225940669756,0.4305126304514554,15,15,0.36983999999999995,topic_5
Active_fisheries_CCAMLR,Eigenvector_Centrality,0.1008,0.6169219797615724,0.06778004900858102,Increases,0.10339866147430289,0.1711787104828839,15,15,0.24525263157894736,topic_5
CCAMLR_original_signatory,Weighted_Degree,0.0492,0.8905245278215214,65.53334083913147,Increases,13.628717147151542,79.16205798628302,6,24,0.15430909090909092,topic_5
CCAMLR_original_signatory,Degree,0.0383,0.9903500120317829,6.499999999999999,Increases,4.166666666666667,10.666666666666666,6,24,0.13662000000000002,topic_5
CCAMLR_original_signatory,Degree_Centrality,0.0388,0.990350012031783,0.18055555555555552,Increases,0.1157407407407407,0.2962962962962962,6,24,0.13662000000000002,topic_5
CCAMLR_original_signatory,Betweenness_Centrality,0.1246,0.5961745319103376,0.02360008818342149,Increases,0.0,0.02360008818342149,6,24,0.28188196721311476,topic_5
CCAMLR_original_signatory,Closeness_Centrality,0.0157,1.179975029785728,0.17320849482247846,Increases,0.2528606490710937,0.42606914389357214,6,24,0.08024444444444444,topic_5
CCAMLR_original_signatory,Eigenvector_Centrality,0.055,0.9137519552670463,0.09856697440943629,Increases,0.05843510645104438,0.15700208086048068,6,24,0.16148936170212766,topic_5
Convention on Biological Diversity,Weighted_Degree,0.0986,,-130.36654522826058,Decreases,192.07638353910863,61.70983831084804,1,29,0.24525263157894736,topic_5
Convention on Biological Diversity,Degree,0.4592,,-6.862068965517242,Decreases,16.0,9.137931034482758,1,29,0.6152388349514564,topic_5
Convention on Biological Diversity,Degree_Centrality,0.395,,-0.19061302681992343,Decreases,0.4444444444444444,0.253831417624521,1,29,0.559604081632653,topic_5
Convention on Biological Diversity,Betweenness_Centrality,0.9263,,0.00490330231709544,Increases,0.0141402116402116,0.01904351395730704,1,29,0.9611233082706767,topic_5
Convention on Biological Diversity,Closeness_Centrality,0.453,,-0.11899914143931423,Decreases,0.5064599483204135,0.3874608068810993,1,29,0.6152388349514564,topic_5
Convention on Biological Diversity,Eigenvector_Centrality,0.4725,,-0.11888163427428741,Decreases,0.2522075991104046,0.13332596483611717,1,29,0.6234971428571427,topic_5
CMS_member,Weighted_Degree,0.7174,-0.1915964716911105,-14.986503062707165,Decreases,78.54414237071269,63.55763930800553,5,25,0.8181917355371902,topic_5
CMS_member,Degree,0.2487,-0.595949182418156,-4.120000000000001,Decreases,12.8,8.68,5,25,0.4290075,topic_5
CMS_member,Degree_Centrality,0.2437,-0.5959491824181561,-0.11444444444444449,Decreases,0.3555555555555555,0.24111111111111103,5,25,0.42570379746835446,topic_5
CMS_member,Betweenness_Centrality,0.941,0.05775936951259795,0.0023544973544973487,Increases,0.0169179894179894,0.01927248677248675,5,25,0.967007299270073,topic_5
CMS_member,Closeness_Centrality,0.2721,-0.551195129377953,-0.08808067016051802,Decreases,0.46482800339617486,0.37674733323565684,5,25,0.44794482758620685,topic_5
CMS_member,Eigenvector_Centrality,0.2219,-0.680826881586247,-0.07594584391539347,Decreases,0.2005768892414213,0.12463104532602784,5,25,0.410136,topic_5
UNWTO_member,Weighted_Degree,0.0,-2.6313788260965496,-135.2909873540242,Decreases,169.7784801232086,34.487492769184406,7,23,0.0,topic_5
UNWTO_member,Degree,0.0008,-1.7264831278255328,-9.770186335403727,Decreases,16.857142857142858,7.086956521739131,7,23,0.0138,topic_5
UNWTO_member,Degree_Centrality,0.0005,-1.7264831278255333,-0.27139406487232576,Decreases,0.46825396825396826,0.19685990338164247,7,23,0.009857142857142856,topic_5
UNWTO_member,Betweenness_Centrality,0.0468,-0.8838159644630093,-0.033608564198626276,Decreases,0.04464663643235067,0.011038072233724395,7,23,0.15377142857142856,topic_5
UNWTO_member,Closeness_Centrality,0.01,-1.2054820295619348,-0.17417381821679606,Decreases,0.5249607055619535,0.35078688734515745,7,23,0.0713,topic_5
UNWTO_member,Eigenvector_Centrality,0.001,-1.609702517830264,-0.15175362757851113,Decreases,0.25363313378878527,0.10187950621027413,7,23,0.0138,topic_5
BRICS_member,Weighted_Degree,0.7847,-0.187430917974996,-3.533788986071297,Decreases,15.357190705727628,11.823401719656331,13,3,1.0,topic_7
BRICS_member,Degree,0.1041,1.1805359623370395,1.6923076923076923,Increases,1.3076923076923077,3.0,13,3,1.0,topic_7
BRICS_member,Degree_Centrality,0.1014,1.1805359623370395,0.10576923076923077,Increases,0.08173076923076923,0.1875,13,3,1.0,topic_7
BRICS_member,Betweenness_Centrality,0.8611,-0.4784702248298456,-0.0044871794871794764,Decreases,0.0044871794871794764,0.0,13,3,1.0,topic_7
BRICS_member,Closeness_Centrality,0.1045,1.0323807418251942,0.09853479853479859,Increases,0.10146520146520145,0.20000000000000004,13,3,1.0,topic_7
BRICS_member,Eigenvector_Centrality,0.0064,3.1106568567019135,0.4287090611068761,Increases,0.053335377378915874,0.482044438485792,13,3,0.768,topic_7
OECD_member,Weighted_Degree,0.7223,0.20604363442018045,3.8764205428246648,Increases,12.029566147647305,15.90598669047197,5,11,1.0,topic_7
OECD_member,Degree,0.3895,-0.5419270624476926,-0.8363636363636366,Decreases,2.2,1.3636363636363635,5,11,1.0,topic_7
OECD_member,Degree_Centrality,0.3844,-0.5419270624476926,-0.05227272727272729,Decreases,0.1375,0.08522727272727272,5,11,1.0,topic_7
OECD_member,Betweenness_Centrality,0.383,0.5767200886097691,0.00530303030303029,Increases,0.0,0.00530303030303029,5,11,1.0,topic_7
OECD_member,Closeness_Centrality,0.3875,-0.48044003094050264,-0.04857142857142857,Decreases,0.15333333333333332,0.10476190476190475,5,11,1.0,topic_7
OECD_member,Eigenvector_Centrality,0.0596,-1.1538794368995144,-0.22620212386003036,Decreases,0.28923228649022603,0.06303016263019566,5,11,1.0,topic_7
G7_member,Weighted_Degree,0.6607,0.2974582606967003,5.572767263755148,Increases,13.301413454900475,18.874180718655623,12,4,1.0,topic_7
G7_member,Degree,0.4701,-0.5373815012519398,-0.8333333333333333,Decreases,1.8333333333333333,1.0,12,4,1.0,topic_7
G7_member,Degree_Centrality,0.4773,-0.5373815012519398,-0.05208333333333333,Decreases,0.11458333333333333,0.0625,12,4,1.0,topic_7
G7_member,Betweenness_Centrality,1.0,-0.3683190393241754,-0.0034722222222222333,Decreases,0.004513888888888883,0.00104166666666665,12,4,1.0,topic_7
G7_member,Closeness_Centrality,0.4652,-0.448485157308983,-0.045634920634920625,Decreases,0.13134920634920633,0.0857142857142857,12,4,1.0,topic_7
G7_member,Eigenvector_Centrality,0.148,-0.8481249097845573,-0.1782742509615586,Decreases,0.17828688907684478,1.2638115286167128e-05,12,4,1.0,topic_7
G20_member,Weighted_Degree,0.7334,0.18153622504361244,3.4180497764237394,Increases,12.558324160574424,15.976373936998163,6,10,1.0,topic_7
G20_member,Degree,0.4159,0.47242820173768346,0.7333333333333332,Increases,1.1666666666666667,1.9,6,10,1.0,topic_7
G20_member,Degree_Centrality,0.4173,0.47242820173768346,0.04583333333333332,Increases,0.07291666666666667,0.11875,6,10,1.0,topic_7
G20_member,Betweenness_Centrality,0.843,-0.20445972264491125,-0.0019444444444444396,Decreases,0.0048611111111111,0.0029166666666666603,6,10,1.0,topic_7
G20_member,Closeness_Centrality,0.4174,0.4204815507890583,0.042698412698412694,Increases,0.09325396825396824,0.13595238095238094,6,10,1.0,topic_7
G20_member,Eigenvector_Centrality,0.2095,0.8100113933786454,0.16869113141256004,Increases,0.02828636920360512,0.19697750061616515,6,10,1.0,topic_7
Mercosur_member,Weighted_Degree,0.666,,10.648554995656806,Increases,14.02907058361071,24.677625579267517,15,1,1.0,topic_7
Mercosur_member,Degree,1.0,,0.3999999999999999,Increases,1.6,2.0,15,1,1.0,topic_7
Mercosur_member,Degree_Centrality,1.0,,0.024999999999999994,Increases,0.1,0.125,15,1,1.0,topic_7
Mercosur_member,Betweenness_Centrality,0.9362,,-0.0038888888888888797,Decreases,0.0038888888888888797,0.0,15,1,1.0,topic_7
Mercosur_member,Closeness_Centrality,0.7737,,0.04984126984126981,Increases,0.11682539682539679,0.1666666666666666,15,1,1.0,topic_7
Mercosur_member,Eigenvector_Centrality,0.812,,-0.14260288996554776,Decreases,0.14263100695930186,2.8116993754105152e-05,15,1,1.0,topic_7
CPTPP_member,Weighted_Degree,0.779,0.1912436695609006,3.602594282470518,Increases,13.793956700221633,17.39655098269215,12,4,1.0,topic_7
CPTPP_member,Degree,0.705,0.31622776601683794,0.5,Increases,1.5,2.0,12,4,1.0,topic_7
CPTPP_member,Degree_Centrality,0.7065,0.31622776601683794,0.03125,Increases,0.09375,0.125,12,4,1.0,topic_7
CPTPP_member,Betweenness_Centrality,0.0474,1.7930456554829592,0.013194444444444432,Increases,0.00034722222222221665,0.01354166666666665,12,4,1.0,topic_7
CPTPP_member,Closeness_Centrality,0.9762,0.06494296239811875,0.006746031746031778,Increases,0.11825396825396822,0.125,12,4,1.0,topic_7
CPTPP_member,Eigenvector_Centrality,0.9566,-0.016637103668951214,-0.003756840220847907,Decreases,0.13465753639166714,0.13090069617081923,12,4,1.0,topic_7
OAS_member,Weighted_Degree,0.4586,0.45680947287206775,8.451999690521891,Increases,12.58160534820879,21.03360503873068,12,4,1.0,topic_7
OAS_member,Degree,1.0,0.10441947515323598,0.16666666666666674,Increases,1.5833333333333333,1.75,12,4,1.0,topic_7
OAS_member,Degree_Centrality,1.0,0.10441947515323598,0.010416666666666671,Increases,0.09895833333333333,0.109375,12,4,1.0,topic_7
OAS_member,Betweenness_Centrality,0.2881,0.5229959090596613,0.004861111111111101,Increases,0.00243055555555555,0.00729166666666665,12,4,1.0,topic_7
OAS_member,Closeness_Centrality,0.7169,0.2576492971350412,0.026587301587301576,Increases,0.11329365079365078,0.13988095238095236,12,4,1.0,topic_7
OAS_member,Eigenvector_Centrality,0.2253,-0.8480660968567011,-0.17826353948170087,Decreases,0.17828421120688034,2.067172517948105e-05,12,4,1.0,topic_7
EU_member,Weighted_Degree,0.4112,-0.5240878814694478,-9.631831431185493,Decreases,17.102563128635634,7.470731697450141,12,4,1.0,topic_7
EU_member,Degree,0.2777,-0.7757282939050969,-1.1666666666666667,Decreases,1.9166666666666667,0.75,12,4,1.0,topic_7
EU_member,Degree_Centrality,0.2798,-0.7757282939050969,-0.07291666666666667,Decreases,0.11979166666666667,0.046875,12,4,1.0,topic_7
EU_member,Betweenness_Centrality,0.6752,-0.5229959090596611,-0.0048611111111111,Decreases,0.0048611111111111,0.0,12,4,1.0,topic_7
EU_member,Closeness_Centrality,0.327,-0.5643646798939155,-0.056746031746031766,Decreases,0.13412698412698412,0.07738095238095236,12,4,1.0,topic_7
EU_member,Eigenvector_Centrality,0.4657,-0.5566814966328417,-0.12173161785269669,Decreases,0.16415123079962932,0.042419612946932625,12,4,1.0,topic_7
UNASUR_member,Weighted_Degree,0.427,0.581772702583395,10.691621719136702,Increases,12.68992619850113,23.381547917637832,13,3,1.0,topic_7
UNASUR_member,Degree,0.707,0.2909449698459655,0.46153846153846145,Increases,1.5384615384615385,2.0,13,3,1.0,topic_7
UNASUR_member,Degree_Centrality,0.7066,0.2909449698459655,0.02884615384615384,Increases,0.09615384615384616,0.125,13,3,1.0,topic_7
UNASUR_member,Betweenness_Centrality,0.2076,0.8273003206892823,0.007478632478632461,Increases,0.0022435897435897387,0.0097222222222222,13,3,1.0,topic_7
UNASUR_member,Closeness_Centrality,0.6664,0.22539761534937158,0.02332112332112332,Increases,0.11556776556776555,0.13888888888888887,13,3,1.0,topic_7
UNASUR_member,Eigenvector_Centrality,0.4001,-0.7648917770031834,-0.16454855326429174,Decreases,0.16457118007350985,2.2626809218106748e-05,13,3,1.0,topic_7
CIS_member,Weighted_Degree,0.8103,,-5.800832584509585,Decreases,15.05715730737111,9.256324722861525,15,1,1.0,topic_7
CIS_member,Degree,0.7489,,1.4666666666666666,Increases,1.5333333333333334,3.0,15,1,1.0,topic_7
CIS_member,Degree_Centrality,0.7469,,0.09166666666666666,Increases,0.09583333333333334,0.1875,15,1,1.0,topic_7
CIS_member,Betweenness_Centrality,0.9398,,-0.0038888888888888797,Decreases,0.0038888888888888797,0.0,15,1,1.0,topic_7
CIS_member,Closeness_Centrality,0.7299,,0.08539682539682543,Increases,0.11460317460317458,0.2,15,1,1.0,topic_7
CIS_member,Eigenvector_Centrality,0.2494,,0.3715478529592926,Increases,0.11049658552649937,0.482044438485792,15,1,1.0,topic_7
CSTO_member,Weighted_Degree,0.8189,,-5.800832584509585,Decreases,15.05715730737111,9.256324722861525,15,1,1.0,topic_7
CSTO_member,Degree,0.7478,,1.4666666666666666,Increases,1.5333333333333334,3.0,15,1,1.0,topic_7
CSTO_member,Degree_Centrality,0.7508,,0.09166666666666666,Increases,0.09583333333333334,0.1875,15,1,1.0,topic_7
CSTO_member,Betweenness_Centrality,0.9371,,-0.0038888888888888797,Decreases,0.0038888888888888797,0.0,15,1,1.0,topic_7
CSTO_member,Closeness_Centrality,0.7332,,0.08539682539682543,Increases,0.11460317460317458,0.2,15,1,1.0,topic_7
CSTO_member,Eigenvector_Centrality,0.2598,,0.3715478529592926,Increases,0.11049658552649937,0.482044438485792,15,1,1.0,topic_7
NATO_member,Weighted_Degree,0.663,0.24464172420836325,4.589871477169998,Increases,12.973403466900512,17.56327494407051,10,6,1.0,topic_7
NATO_member,Degree,0.4146,-0.47242820173768346,-0.7333333333333332,Decreases,1.9,1.1666666666666667,10,6,1.0,topic_7
NATO_member,Degree_Centrality,0.4169,-0.47242820173768346,-0.04583333333333332,Decreases,0.11875,0.07291666666666667,10,6,1.0,topic_7
NATO_member,Betweenness_Centrality,0.4972,-0.5107484299890704,-0.004722222222222227,Decreases,0.00541666666666666,0.0006944444444444333,10,6,1.0,topic_7
NATO_member,Closeness_Centrality,0.7712,-0.17328662218282692,-0.01793650793650793,Decreases,0.12666666666666665,0.10873015873015872,10,6,1.0,topic_7
NATO_member,Eigenvector_Centrality,0.2221,-0.8099951505575238,-0.1686882543386282,Decreases,0.1969764217134407,0.028288167374812528,10,6,1.0,topic_7
Original_at_signatory,Weighted_Degree,0.2171,0.666059774868847,11.876934519356643,Increases,8.013829603701149,19.890764123057792,7,9,1.0,topic_7
Original_at_signatory,Degree,0.5125,0.3852560742925665,0.603174603174603,Increases,1.2857142857142858,1.8888888888888888,7,9,1.0,topic_7
Original_at_signatory,Degree_Centrality,0.5201,0.3852560742925665,0.03769841269841269,Increases,0.08035714285714286,0.11805555555555555,7,9,1.0,topic_7
Original_at_signatory,Betweenness_Centrality,0.3214,0.726284673625573,0.0064814814814814666,Increases,0.0,0.0064814814814814666,7,9,1.0,topic_7
Original_at_signatory,Closeness_Centrality,0.5089,0.32245432458582085,0.033030990173847335,Increases,0.10136054421768706,0.1343915343915344,7,9,1.0,topic_7
Original_at_signatory,Eigenvector_Centrality,0.7288,-0.22395236799753937,-0.0502194398486676,Decreases,0.16196676125133067,0.11174732140266307,7,9,1.0,topic_7
CRAMRA_mining_signatories_1988,Weighted_Degree,0.5474,0.33192525870712347,6.186546939284369,Increases,10.82801343378653,17.0145603730709,6,10,1.0,topic_7
CRAMRA_mining_signatories_1988,Degree,1.0,-0.041728809380789995,-0.06666666666666665,Decreases,1.6666666666666667,1.6,6,10,1.0,topic_7
CRAMRA_mining_signatories_1988,Degree_Centrality,1.0,-0.041728809380789995,-0.004166666666666666,Decreases,0.10416666666666667,0.1,6,10,1.0,topic_7
CRAMRA_mining_signatories_1988,Betweenness_Centrality,1.0,-0.08722783759886618,-0.0008333333333333465,Decreases,0.004166666666666667,0.00333333333333332,6,10,1.0,topic_7
CRAMRA_mining_signatories_1988,Closeness_Centrality,0.8726,-0.10247826856773427,-0.010634920634920608,Decreases,0.12658730158730155,0.11595238095238095,6,10,1.0,topic_7
CRAMRA_mining_signatories_1988,Eigenvector_Centrality,0.2774,-0.4523544130082702,-0.09946025426777827,Decreases,0.19588098525381656,0.09642073098603829,6,10,1.0,topic_7
CCAS_signatory,Weighted_Degree,0.221,0.666059774868847,11.876934519356643,Increases,8.013829603701149,19.890764123057792,7,9,1.0,topic_7
CCAS_signatory,Degree,0.513,0.3852560742925665,0.603174603174603,Increases,1.2857142857142858,1.8888888888888888,7,9,1.0,topic_7
CCAS_signatory,Degree_Centrality,0.517,0.3852560742925665,0.03769841269841269,Increases,0.08035714285714286,0.11805555555555555,7,9,1.0,topic_7
CCAS_signatory,Betweenness_Centrality,0.322,0.726284673625573,0.0064814814814814666,Increases,0.0,0.0064814814814814666,7,9,1.0,topic_7
CCAS_signatory,Closeness_Centrality,0.5118,0.32245432458582085,0.033030990173847335,Increases,0.10136054421768706,0.1343915343915344,7,9,1.0,topic_7
CCAS_signatory,Eigenvector_Centrality,0.7369,-0.22395236799753937,-0.0502194398486676,Decreases,0.16196676125133067,0.11174732140266307,7,9,1.0,topic_7
Intl_whaling_comission_member,Weighted_Degree,0.4723,,15.674245622228545,Increases,0.0,15.674245622228545,1,15,1.0,topic_7
Intl_whaling_comission_member,Degree,0.4953,,1.7333333333333334,Increases,0.0,1.7333333333333334,1,15,1.0,topic_7
Intl_whaling_comission_member,Degree_Centrality,0.5015,,0.10833333333333334,Increases,0.0,0.10833333333333334,1,15,1.0,topic_7
Intl_whaling_comission_member,Betweenness_Centrality,0.9379,,0.0038888888888888797,Increases,0.0,0.0038888888888888797,1,15,1.0,topic_7
Intl_whaling_comission_member,Closeness_Centrality,0.5057,,0.1279365079365079,Increases,0.0,0.1279365079365079,1,15,1.0,topic_7
Intl_whaling_comission_member,Eigenvector_Centrality,0.6113,,0.14263288142555214,Increases,6.571797584575439e-58,0.14263288142555214,1,15,1.0,topic_7
Active_fisheries_CCAMLR,Weighted_Degree,0.57,0.3423127330596395,6.382445575506843,Increases,10.306673937678308,16.68911951318515,5,11,1.0,topic_7
Active_fisheries_CCAMLR,Degree,0.7311,0.20586558950390918,0.3272727272727274,Increases,1.4,1.7272727272727273,5,11,1.0,topic_7
Active_fisheries_CCAMLR,Degree_Centrality,0.7461,0.20586558950390918,0.02045454545454546,Increases,0.0875,0.10795454545454546,5,11,1.0,topic_7
Active_fisheries_CCAMLR,Betweenness_Centrality,0.378,0.5767200886097691,0.00530303030303029,Increases,0.0,0.00530303030303029,5,11,1.0,topic_7
Active_fisheries_CCAMLR,Closeness_Centrality,0.7528,-0.14785680686432276,-0.01532467532467531,Decreases,0.13047619047619044,0.11515151515151513,5,11,1.0,topic_7
Active_fisheries_CCAMLR,Eigenvector_Centrality,0.9533,0.02171330140287458,0.004902962890382445,Increases,0.13034753934931723,0.13525050223969967,5,11,1.0,topic_7
Convention on Biological Diversity,Weighted_Degree,0.9373,,0.7518174600853733,Increases,13.989776402009223,14.741593862094597,1,15,1.0,topic_7
Convention on Biological Diversity,Degree,0.8775,,0.6666666666666667,Increases,1.0,1.6666666666666667,1,15,1.0,topic_7
Convention on Biological Diversity,Degree_Centrality,0.8748,,0.04166666666666667,Increases,0.0625,0.10416666666666667,1,15,1.0,topic_7
Convention on Biological Diversity,Betweenness_Centrality,0.9371,,0.0038888888888888797,Increases,0.0,0.0038888888888888797,1,15,1.0,topic_7
Convention on Biological Diversity,Closeness_Centrality,0.9828,,-0.024444444444444408,Decreases,0.1428571428571428,0.11841269841269839,1,15,1.0,topic_7
Convention on Biological Diversity,Eigenvector_Centrality,0.6851,,0.1426170878542843,Increases,1.4806473063603949e-05,0.1426318943273479,1,15,1.0,topic_7
CMS_member,Weighted_Degree,0.3321,0.5582825986890626,10.175712828804093,Increases,7.698802701036447,17.87451552984054,5,11,1.0,topic_7
CMS_member,Degree,0.7515,0.20586558950390918,0.3272727272727274,Increases,1.4,1.7272727272727273,5,11,1.0,topic_7
CMS_member,Degree_Centrality,0.7424,0.20586558950390918,0.02045454545454546,Increases,0.0875,0.10795454545454546,5,11,1.0,topic_7
CMS_member,Betweenness_Centrality,0.3846,0.5767200886097691,0.00530303030303029,Increases,0.0,0.00530303030303029,5,11,1.0,topic_7
CMS_member,Closeness_Centrality,0.7324,0.15962216253039102,0.016536796536796516,Increases,0.10857142857142857,0.12510822510822509,5,11,1.0,topic_7
CMS_member,Eigenvector_Centrality,0.5365,-0.38765248654446194,-0.08596714233087181,Decreases,0.19282073668892952,0.1068535943580577,5,11,1.0,topic_7
UNWTO_member,Weighted_Degree,0.3204,-0.5655123580555511,-10.297951127392096,Decreases,21.77444667092133,11.476495543529232,5,11,1.0,topic_7
UNWTO_member,Degree,0.3915,-0.5419270624476927,-0.8363636363636366,Decreases,2.2,1.3636363636363635,5,11,1.0,topic_7
UNWTO_member,Degree_Centrality,0.3849,-0.5419270624476927,-0.05227272727272729,Decreases,0.1375,0.08522727272727272,5,11,1.0,topic_7
UNWTO_member,Betweenness_Centrality,0.8364,-0.3373288012858284,-0.003181818181818175,Decreases,0.005833333333333321,0.0026515151515151456,5,11,1.0,topic_7
UNWTO_member,Closeness_Centrality,0.3332,-0.5612098155872424,-0.05619047619047619,Decreases,0.15857142857142856,0.10238095238095236,5,11,1.0,topic_7
UNWTO_member,Eigenvector_Centrality,0.3571,-0.44463952880617713,-0.09805567433135645,Decreases,0.2011316024392627,0.10307592810790625,5,11,1.0,topic_7
BRICS_member,Weighted_Degree,0.4013,-0.3482526481406475,-28.384331608842153,Decreases,57.40416172922916,29.019830120387006,27,5,0.635584090909091,topic_14
BRICS_member,Degree,0.8763,-0.08803690153422043,-0.5555555555555554,Decreases,8.555555555555555,8.0,27,5,0.9315,topic_14
BRICS_member,Degree_Centrality,0.8762,-0.08803690153422022,-0.014245014245014204,Decreases,0.21937321937321932,0.20512820512820512,27,5,0.9315,topic_14
BRICS_member,Betweenness_Centrality,0.8265,-0.18579922395482742,-0.0036269020468080266,Decreases,0.010849474795696527,0.007222572748888501,27,5,0.9272926829268293,topic_14
BRICS_member,Closeness_Centrality,0.574,0.2719405874549987,0.05149028888001583,Increases,0.33245813149393644,0.38394842037395227,27,5,0.7334444444444443,topic_14
BRICS_member,Eigenvector_Centrality,0.3813,-0.44078250895972876,-0.0448366822925091,Decreases,0.13188266495253423,0.08704598266002513,27,5,0.635584090909091,topic_14
OECD_member,Weighted_Degree,0.0503,0.636663897437808,49.799496270032776,Increases,23.400659005015616,73.20015527504839,13,19,0.18984324324324323,topic_14
OECD_member,Degree,0.0302,0.8250925993195702,4.805668016194332,Increases,5.615384615384615,10.421052631578947,13,19,0.14884285714285714,topic_14
OECD_member,Degree_Centrality,0.0297,0.8250925993195699,0.12322225682549565,Increases,0.1439842209072978,0.26720647773279343,13,19,0.14884285714285714,topic_14
OECD_member,Betweenness_Centrality,0.1273,0.5770648732177411,0.01083720857601856,Increases,0.0038481787588717535,0.014685387334890315,13,19,0.33783461538461534,topic_14
OECD_member,Closeness_Centrality,0.1015,0.5967088545323667,0.10869917576945654,Increases,0.27596335351832396,0.3846625292877805,13,19,0.2980212765957447,topic_14
OECD_member,Eigenvector_Centrality,0.0073,1.072814066352117,0.0971546204787601,Increases,0.06719137743506588,0.16434599791382598,13,19,0.08395,topic_14
G7_member,Weighted_Degree,0.0679,0.8319836865288431,64.4417069349369,Increases,38.872486523330124,103.31419345826703,25,7,0.22854146341463416,topic_14
G7_member,Degree,0.1071,0.7185135704499994,4.337142857142858,Increases,7.52,11.857142857142858,25,7,0.3016285714285714,topic_14
G7_member,Degree_Centrality,0.1002,0.7185135704499996,0.11120879120879124,Increases,0.19282051282051277,0.304029304029304,25,7,0.2980212765957447,topic_14
G7_member,Betweenness_Centrality,0.1049,0.6409874030809066,0.012097887926282452,Increases,0.007636358367008489,0.01973424629329094,25,7,0.3015875,topic_14
G7_member,Closeness_Centrality,0.2886,0.45042931755298876,0.08418570630284467,Increases,0.32208786587769156,0.4062735721805362,25,7,0.5594750000000001,topic_14
G7_member,Eigenvector_Centrality,0.0489,0.8718726930343963,0.08424330058256937,Increases,0.10644871134189263,0.190692011924462,25,7,0.18984324324324323,topic_14
G20_member,Weighted_Degree,0.083,0.5714747781589913,45.059768899554854,Increases,31.847343243681234,76.90711214323609,17,15,0.25944,topic_14
G20_member,Degree,0.0415,0.7689820896140186,4.513725490196079,Increases,6.352941176470588,10.866666666666667,17,15,0.18474193548387097,topic_14
G20_member,Degree_Centrality,0.0406,0.768982089614018,0.11573655103066863,Increases,0.16289592760180996,0.2786324786324786,17,15,0.18474193548387097,topic_14
G20_member,Betweenness_Centrality,0.0508,0.7279758475648451,0.013337115319753574,Increases,0.004030998544748288,0.017368113864501863,17,15,0.18984324324324323,topic_14
G20_member,Closeness_Centrality,0.0458,0.7485012675186593,0.1329122059500788,Increases,0.2782008925923394,0.4111130985424182,17,15,0.18984324324324323,topic_14
G20_member,Eigenvector_Centrality,0.1134,0.5723417641070949,0.056597941521663905,Increases,0.09834664825604973,0.15494458977771364,17,15,0.312984,topic_14
Mercosur_member,Weighted_Degree,0.8793,-0.06492776982848256,-5.335854811185364,Decreases,53.46934630389621,48.133491492710846,29,3,0.9315,topic_14
Mercosur_member,Degree,0.891,0.09287981299431444,0.5862068965517242,Increases,8.413793103448276,9.0,29,3,0.9315,topic_14
Mercosur_member,Degree_Centrality,0.8852,0.0928798129943144,0.015030946065428819,Increases,0.2157382847038019,0.23076923076923073,29,3,0.9315,topic_14
Mercosur_member,Betweenness_Centrality,0.7503,-0.3197951873060575,-0.0062289117909914565,Decreases,0.010866731831288223,0.004637820040296767,29,3,0.8589074380165289,topic_14
Mercosur_member,Closeness_Centrality,0.582,0.38877328397870464,0.0734920018425701,Increases,0.3336136139586979,0.407105615801268,29,3,0.7368440366972477,topic_14
Mercosur_member,Eigenvector_Centrality,0.7531,-0.1952962474719011,-0.02010050733329828,Decreases,0.1267613559068264,0.10666084857352813,29,3,0.8589074380165289,topic_14
CPTPP_member,Weighted_Degree,0.9191,0.042870338534670434,3.523291144308658,Increases,52.308492825789706,55.831783970098364,26,6,0.9536526315789474,topic_14
CPTPP_member,Degree,0.5706,0.26753989113372,1.6794871794871806,Increases,8.153846153846153,9.833333333333334,26,6,0.7334444444444443,topic_14
CPTPP_member,Degree_Centrality,0.5524,0.2675398911337199,0.04306377383300461,Increases,0.20907297830374746,0.2521367521367521,26,6,0.7334444444444443,topic_14
CPTPP_member,Betweenness_Centrality,0.3996,0.4192826489460506,0.008089731325422369,Increases,0.00876594672736608,0.01685567805278845,26,6,0.635584090909091,topic_14
CPTPP_member,Closeness_Centrality,0.6652,0.20404457093360964,0.03870425553482865,Increases,0.3332464412186585,0.37195069675348713,26,6,0.7913586206896552,topic_14
CPTPP_member,Eigenvector_Centrality,0.4587,0.3407758638436003,0.03480740586751442,Increases,0.11835054474417074,0.15315795061168516,26,6,0.69330625,topic_14
OAS_member,Weighted_Degree,0.5223,-0.28605505761000805,-23.322823989204593,Decreases,58.79981591264872,35.476991923444125,24,8,0.720774,topic_14
OAS_member,Degree,0.3487,-0.3953912082928762,-2.458333333333334,Decreases,9.083333333333334,6.625,24,8,0.6091215189873418,topic_14
OAS_member,Degree_Centrality,0.3274,-0.39539120829287633,-0.06303418803418806,Decreases,0.23290598290598288,0.16987179487179482,24,8,0.5867688311688312,topic_14
OAS_member,Betweenness_Centrality,0.2215,-0.5242931880999058,-0.009988409137015953,Decreases,0.012779873635136765,0.0027914644981208124,24,8,0.49301612903225805,topic_14
OAS_member,Closeness_Centrality,0.5573,-0.2428340558598467,-0.04594745510329917,Decreases,0.3519903529072636,0.30604289780396443,24,8,0.7334444444444443,topic_14
OAS_member,Eigenvector_Centrality,0.2784,-0.44604441478608103,-0.04509905555686192,Decreases,0.13615169723354514,0.09105264167668323,24,8,0.5594750000000001,topic_14
EU_member,Weighted_Degree,0.3875,-0.36574750896012814,-29.572947623604158,Decreases,64.05896527419914,34.48601765059498,20,12,0.635584090909091,topic_14
EU_member,Degree,0.2999,-0.3788105945527491,-2.3499999999999996,Decreases,9.35,7.0,20,12,0.5597280000000001,topic_14
EU_member,Degree_Centrality,0.3042,-0.37881059455274924,-0.060256410256410264,Decreases,0.2397435897435897,0.17948717948717943,20,12,0.5597280000000001,topic_14
EU_member,Betweenness_Centrality,0.5208,-0.2370008582314916,-0.004605379331901506,Decreases,0.01200978860034584,0.007404409268444333,20,12,0.720774,topic_14
EU_member,Closeness_Centrality,0.245,-0.4357031818052052,-0.08102517886719673,Decreases,0.3708879312066376,0.28986275233944087,20,12,0.52828125,topic_14
EU_member,Eigenvector_Centrality,0.5114,-0.23585461909307462,-0.024149478229848878,Decreases,0.13393298768052303,0.10978350945067415,20,12,0.7201346938775509,topic_14
UNASUR_member,Weighted_Degree,0.5009,-0.278133549699258,-22.719415676643408,Decreases,57.22900035471822,34.50958467807481,26,6,0.712620618556701,topic_14
UNASUR_member,Degree,0.3009,-0.4905507738172403,-3.0384615384615383,Decreases,9.038461538461538,6.0,26,6,0.5597280000000001,topic_14
UNASUR_member,Degree_Centrality,0.291,-0.49055077381724016,-0.0779092702169625,Decreases,0.23175542406311633,0.15384615384615383,26,6,0.5594750000000001,topic_14
UNASUR_member,Betweenness_Centrality,0.3271,-0.466245193334215,-0.008966429828539868,Decreases,0.011963976943734002,0.0029975471151941335,26,6,0.5867688311688312,topic_14
UNASUR_member,Closeness_Centrality,0.3369,-0.4410453210235308,-0.08264629099105864,Decreases,0.3559996686922624,0.27335337770120377,26,6,0.5960538461538462,topic_14
UNASUR_member,Eigenvector_Centrality,0.1646,-0.6516131701264389,-0.06497763680655526,Decreases,0.1370602402455588,0.07208260343900354,26,6,0.41299636363636366,topic_14
CIS_member,Weighted_Degree,0.4053,-0.42170382160282155,-34.47178722120405,Decreases,55.12359661667283,20.65180939546877,30,2,0.635584090909091,topic_14
CIS_member,Degree,0.7112,-0.33375404955951177,-2.0999999999999996,Decreases,8.6,6.5,30,2,0.831742372881356,topic_14
CIS_member,Degree_Centrality,0.6938,-0.3337540495595118,-0.05384615384615385,Decreases,0.2205128205128205,0.16666666666666666,30,2,0.8183282051282051,topic_14
CIS_member,Betweenness_Centrality,0.946,0.10709676138298395,0.002094904674884027,Increases,0.010151839808702523,0.01224674448358655,30,2,0.9742388059701492,topic_14
CIS_member,Closeness_Centrality,0.4793,-0.6213411872144802,-0.11685590092429554,Decreases,0.3478069829392073,0.23095108201491177,30,2,0.69330625,topic_14
CIS_member,Eigenvector_Centrality,0.3854,-0.700381275249518,-0.07112782909267579,Decreases,0.12932242266262192,0.05819459356994614,30,2,0.635584090909091,topic_14
CSTO_member,Weighted_Degree,0.8544,,-13.291400777219451,Decreases,53.38446618963569,40.09306541241624,31,1,0.9284031496062993,topic_14
CSTO_member,Degree,0.6618,,3.64516129032258,Increases,8.35483870967742,12.0,31,1,0.7913586206896552,topic_14
CSTO_member,Degree_Centrality,0.6469,,0.09346567411083542,Increases,0.2142266335814723,0.3076923076923077,31,1,0.7900194690265487,topic_14
CSTO_member,Betweenness_Centrality,0.1507,,0.01466912786197711,Increases,0.00982436110519599,0.0244934889671731,31,1,0.3851222222222222,topic_14
CSTO_member,Closeness_Centrality,0.5913,,0.09002388718487803,Increases,0.3376902426569114,0.4277141298417894,31,1,0.7371189189189189,topic_14
CSTO_member,Eigenvector_Centrality,0.9682,,-0.00876154446909902,Decreases,0.125150731608989,0.11638918713989,31,1,0.9897155555555555,topic_14
NATO_member,Weighted_Degree,0.6433,0.23627698090171426,19.27831167710054,Increases,43.3299540767973,62.60826575389784,16,16,0.7900194690265487,topic_14
NATO_member,Degree,1.0,0.009898887823442728,0.0625,Increases,8.4375,8.5,16,16,1.0,topic_14
NATO_member,Degree_Centrality,0.9923,0.009898887823442691,0.0016025641025640969,Increases,0.2163461538461538,0.2179487179487179,16,16,0.9995430656934307,topic_14
NATO_member,Betweenness_Centrality,0.9865,0.00747581827540886,0.00014628474380797528,Increases,0.010209628978978787,0.010355913722786762,16,16,0.9995430656934307,topic_14
NATO_member,Closeness_Centrality,0.8523,-0.07130003788158282,-0.013561053601723216,Decreases,0.3472840159323004,0.3337229623305772,16,16,0.9284031496062993,topic_14
NATO_member,Eigenvector_Centrality,0.5626,0.20603485154020765,0.02112315398006935,Increases,0.114315356354295,0.13543851033436435,16,16,0.7334444444444443,topic_14
AT_consultative_party,Weighted_Degree,0.1794,0.5782685403025245,46.6310936057016,Increases,12.166903010358679,58.79799661606028,4,28,0.42684827586206897,topic_14
AT_consultative_party,Degree,0.2914,0.5945030189714023,3.678571428571429,Increases,5.25,8.928571428571429,4,28,0.5594750000000001,topic_14
AT_consultative_party,Degree_Centrality,0.2869,0.5945030189714021,0.09432234432234429,Increases,0.13461538461538458,0.22893772893772887,4,28,0.5594750000000001,topic_14
AT_consultative_party,Betweenness_Centrality,0.1732,0.6083603339024727,0.011655343853486256,Increases,8.43454790823e-05,0.011739689332568555,4,28,0.41932631578947366,topic_14
AT_consultative_party,Closeness_Centrality,0.7361,-0.15496048647152394,-0.029451765577725775,Decreases,0.3662737840119489,0.3368220184342231,4,28,0.8536285714285713,topic_14
AT_consultative_party,Eigenvector_Centrality,0.3612,0.4961644379091416,0.05043583857793643,Increases,0.08074557458863532,0.13118141316657175,4,28,0.62307,topic_14
Original_at_signatory,Weighted_Degree,0.0003,1.0317246974997847,75.36746170701022,Increases,24.706311775218733,100.07377348222896,20,12,0.01035,topic_14
Original_at_signatory,Degree,0.0002,1.5654403251053497,7.783333333333334,Increases,5.55,13.333333333333334,20,12,0.0092,topic_14
Original_at_signatory,Degree_Centrality,0.0001,1.5654403251053488,0.19957264957264953,Increases,0.1423076923076923,0.34188034188034183,20,12,0.0069,topic_14
Original_at_signatory,Betweenness_Centrality,0.0467,0.7268671399885698,0.013367778878614763,Increases,0.00526985427140224,0.018637633150017003,20,12,0.18984324324324323,topic_14
Original_at_signatory,Closeness_Centrality,0.0033,1.2158069494227204,0.19773067897234325,Increases,0.2663544845168101,0.46408516348915335,20,12,0.06505714285714286,topic_14
Original_at_signatory,Eigenvector_Centrality,0.0001,1.7305976683636677,0.13492599497575083,Increases,0.07427968522842313,0.20920568020417396,20,12,0.0069,topic_14
CRAMRA_mining_signatories_1988,Weighted_Degree,0.0841,0.5654972275083072,44.625530268624786,Increases,29.261796960140657,73.88732722876544,15,17,0.25944,topic_14
CRAMRA_mining_signatories_1988,Degree,0.0171,0.8723409919102717,5.023529411764707,Increases,5.8,10.823529411764707,15,17,0.108192,topic_14
CRAMRA_mining_signatories_1988,Degree_Centrality,0.0183,0.8723409919102716,0.12880844645550527,Increases,0.1487179487179487,0.27752639517345395,15,17,0.108192,topic_14
CRAMRA_mining_signatories_1988,Betweenness_Centrality,0.2919,0.3831640912258082,0.0073556499416998055,Increases,0.006375082319354753,0.013730732261054559,15,17,0.5594750000000001,topic_14
CRAMRA_mining_signatories_1988,Closeness_Centrality,0.0116,0.9466851959659679,0.16193219209635135,Increases,0.2544770120802522,0.41640920417660354,15,17,0.09984705882352941,topic_14
CRAMRA_mining_signatories_1988,Eigenvector_Centrality,0.0846,0.6366514353832974,0.06236773972968421,Increases,0.09174407161293494,0.15411181134261914,15,17,0.25944,topic_14
CCAS_signatory,Weighted_Degree,0.0509,0.6270981637684145,49.03847367433315,Increases,28.449873078180996,77.48834675251415,16,16,0.18984324324324323,topic_14
CCAS_signatory,Degree,0.0196,0.907305236074987,5.1875,Increases,5.875,11.0625,16,16,0.108192,topic_14
CCAS_signatory,Degree_Centrality,0.0191,0.9073052360749874,0.13301282051282054,Increases,0.1506410256410256,0.28365384615384615,16,16,0.108192,topic_14
CCAS_signatory,Betweenness_Centrality,0.1247,0.562105919550106,0.010563202707165539,Increases,0.005001169997300006,0.015564372704465545,16,16,0.33742352941176473,topic_14
CCAS_signatory,Closeness_Centrality,0.0223,0.8642308172660123,0.1502058551557921,Increases,0.26540056155354275,0.41560641670933485,16,16,0.11836153846153846,topic_14
CCAS_signatory,Eigenvector_Centrality,0.0141,0.919065910522615,0.08560456989810333,Increases,0.082074648395278,0.16767921829338134,16,16,0.1081,topic_14
CCAMLR_signatory,Weighted_Degree,0.1729,0.6032087718858555,48.56198197569425,Increases,10.47737568661511,59.039357662309364,4,28,0.41932631578947366,topic_14
CCAMLR_signatory,Degree,0.1892,0.7410202243622228,4.5357142857142865,Increases,4.5,9.035714285714286,4,28,0.42802622950819674,topic_14
CCAMLR_signatory,Degree_Centrality,0.1889,0.7410202243622226,0.11630036630036625,Increases,0.11538461538461536,0.2316849816849816,4,28,0.42802622950819674,topic_14
CCAMLR_signatory,Betweenness_Centrality,0.1884,0.6083603339024727,0.011655343853486256,Increases,8.43454790823e-05,0.011739689332568555,4,28,0.42802622950819674,topic_14
CCAMLR_signatory,Closeness_Centrality,0.5671,0.307094926068505,0.058129203359175485,Increases,0.2896404361921603,0.3477696395513358,4,28,0.7334444444444443,topic_14
CCAMLR_signatory,Eigenvector_Centrality,0.2333,0.662640144405699,0.06663337367065732,Increases,0.06657273138250454,0.13320610505316186,4,28,0.5110380952380953,topic_14
Intl_whaling_comission_member,Weighted_Degree,0.1325,0.6547826125813738,52.80514248559284,Increases,5.114449537779074,57.91959202337191,3,29,0.34500000000000003,topic_14
Intl_whaling_comission_member,Degree,0.4025,0.5555697881483134,3.459770114942528,Increases,5.333333333333333,8.793103448275861,3,29,0.635584090909091,topic_14
Intl_whaling_comission_member,Degree_Centrality,0.3748,0.5555697881483138,0.08871205422929568,Increases,0.13675213675213668,0.22546419098143236,3,29,0.635584090909091,topic_14
Intl_whaling_comission_member,Betweenness_Centrality,0.2753,0.5888954500572714,0.011346506318215476,Increases,0.0,0.011346506318215476,3,29,0.5594750000000001,topic_14
Intl_whaling_comission_member,Closeness_Centrality,0.531,0.4264840604947726,0.08051011600820407,Increases,0.26754119649900393,0.348051312507208,3,29,0.7255247524752475,topic_14
Intl_whaling_comission_member,Eigenvector_Centrality,0.5612,0.3822817564067303,0.03915515729786888,Increases,0.08939257204313601,0.1285477293410049,3,29,0.7334444444444443,topic_14
Active_fisheries_CCAMLR,Weighted_Degree,0.0022,0.8485542600653708,63.9046522692405,Increases,23.013804164141096,86.91845643338159,17,15,0.050600000000000006,topic_14
Active_fisheries_CCAMLR,Degree,0.0058,1.0946456393360506,6.019607843137254,Increases,5.647058823529412,11.666666666666666,17,15,0.07276363636363636,topic_14
Active_fisheries_CCAMLR,Degree_Centrality,0.0047,1.0946456393360504,0.15434891905480136,Increases,0.14479638009049772,0.2991452991452991,17,15,0.07276363636363636,topic_14
Active_fisheries_CCAMLR,Betweenness_Centrality,0.066,0.6809458803900238,0.012572857038346,Increases,0.004389244614158089,0.01696210165250409,17,15,0.22854146341463416,topic_14
Active_fisheries_CCAMLR,Closeness_Centrality,0.0163,0.9203396281956671,0.15826304520174433,Increases,0.26631768669312117,0.4245807318948655,17,15,0.108192,topic_14
Active_fisheries_CCAMLR,Eigenvector_Centrality,0.0192,0.8897520440102112,0.08338495168644008,Increases,0.08579023724131088,0.16917518892775096,17,15,0.108192,topic_14
CCAMLR_original_signatory,Weighted_Degree,0.0664,0.7641661127860049,59.43721936441548,Increases,8.391195392035952,67.82841475645144,8,24,0.22854146341463416,topic_14
CCAMLR_original_signatory,Degree,0.0108,1.1131141769336843,6.291666666666666,Increases,3.75,10.041666666666666,8,24,0.09984705882352941,topic_14
CCAMLR_original_signatory,Degree_Centrality,0.0122,1.1131141769336843,0.16132478632478633,Increases,0.09615384615384612,0.25747863247863245,8,24,0.09984705882352941,topic_14
CCAMLR_original_signatory,Betweenness_Centrality,0.0554,0.7344599851736475,0.013654131481788833,Increases,4.217273954115e-05,0.013696304221329983,8,24,0.20118947368421053,topic_14
CCAMLR_original_signatory,Closeness_Centrality,0.0789,0.7437739594336062,0.1343235540020437,Increases,0.23976082362990603,0.37408437763194974,8,24,0.2592428571428571,topic_14
CCAMLR_original_signatory,Eigenvector_Centrality,0.0331,0.9158748377138277,0.08738174854354352,Increases,0.05934062193667203,0.14672237048021555,8,24,0.1575103448275862,topic_14
Convention on Biological Diversity,Weighted_Degree,0.8462,,-17.090913711001896,Decreases,69.52593257288066,52.43501886187877,1,31,0.9284031496062993,topic_14
Convention on Biological Diversity,Degree,0.4674,,-4.67741935483871,Decreases,13.0,8.32258064516129,1,31,0.69330625,topic_14
Convention on Biological Diversity,Degree_Centrality,0.4719,,-0.11993382961124896,Decreases,0.3333333333333333,0.21339950372208435,1,31,0.69330625,topic_14
Convention on Biological Diversity,Betweenness_Centrality,0.822,,0.006127832833115949,Increases,0.0043464332938017,0.01047426612691765,1,31,0.9272926829268293,topic_14
Convention on Biological Diversity,Closeness_Centrality,0.4443,,-0.13109471135573253,Decreases,0.4675014907573047,0.33640677940157215,1,31,0.688914606741573,topic_14
Convention on Biological Diversity,Eigenvector_Centrality,0.4602,,-0.11804614875931822,Decreases,0.2392341399549192,0.12118799119560099,1,31,0.69330625,topic_14
CMS_member,Weighted_Degree,0.5929,0.2212665630630186,18.115549116237744,Increases,38.25022625840441,56.365775374642155,6,26,0.7371189189189189,topic_14
CMS_member,Degree,0.4793,-0.3339596033742796,-2.0897435897435894,Decreases,10.166666666666666,8.076923076923077,6,26,0.69330625,topic_14
CMS_member,Degree_Centrality,0.4823,-0.33395960337427955,-0.05358316896778434,Decreases,0.26068376068376065,0.2071005917159763,6,26,0.69330625,topic_14
CMS_member,Betweenness_Centrality,0.8538,0.11983538763433937,0.0023421919270137127,Increases,0.008379740410184133,0.010721932337197846,6,26,0.9284031496062993,topic_14
CMS_member,Closeness_Centrality,0.2652,-0.5056328564860625,-0.0942961612861416,Decreases,0.4171191201764288,0.3228229588902872,6,26,0.5594750000000001,topic_14
CMS_member,Eigenvector_Centrality,0.6546,-0.2096787023121243,-0.02154124780430708,Decreases,0.14237919718532918,0.1208379493810221,6,26,0.7913586206896552,topic_14
UNWTO_member,Weighted_Degree,0.0103,-0.9725633567946357,-72.85664846346593,Decreases,105.33482599846371,32.47817753499778,9,23,0.09984705882352941,topic_14
UNWTO_member,Degree,0.0055,-1.198809838638567,-6.613526570048308,Decreases,13.222222222222221,6.608695652173913,9,23,0.07276363636363636,topic_14
UNWTO_member,Degree_Centrality,0.0048,-1.1988098386385673,-0.16957760436021307,Decreases,0.33903133903133903,0.16945373467112596,9,23,0.07276363636363636,topic_14
UNWTO_member,Betweenness_Centrality,0.0179,-0.9342059903543585,-0.01677042999188942,Decreases,0.022336517907553297,0.0055660879156638745,9,23,0.108192,topic_14
UNWTO_member,Closeness_Centrality,0.0123,-1.008756195887223,-0.17386326341038844,Decreases,0.4654677097076555,0.29160444629726706,9,23,0.09984705882352941,topic_14
UNWTO_member,Eigenvector_Centrality,0.002,-1.3215280384734003,-0.1161284912649197,Decreases,0.2083442864409907,0.09221579517607101,9,23,0.050600000000000006,topic_14
